{"Training recon loss": 0.05709101197620233, "_timestamp": 1687927103.3980286, "_runtime": 90.12275958061218, "_step": 601, "Validation recon loss": 0.06351933752497037, "_wandb": {"runtime": 89}}