{"Training recon loss": 0.0002848524716682732, "_timestamp": 1687920984.9136043, "_runtime": 60.590394258499146, "_step": 601, "Validation recon loss": 0.00033199242898263037, "_wandb": {"runtime": 59}}