{"Training recon loss": 0.005519692879170179, "_timestamp": 1687917429.0730648, "_runtime": 45.17967486381531, "_step": 595, "Validation recon loss": 0.004890457261353731, "_wandb": {"runtime": 44}}