{"Training recon loss": 0.00040600267238914965, "_timestamp": 1687920763.3087792, "_runtime": 54.366732120513916, "_step": 601, "Validation recon loss": 0.0006100439350120723, "_wandb": {"runtime": 53}}