{"Training recon loss": 0.0028559663721049824, "_timestamp": 1687927430.2076151, "_runtime": 128.73300409317017, "_step": 601, "Validation recon loss": 0.0022868289379402995, "_wandb": {"runtime": 128}}