{"Training recon loss": 0.0013065012637525797, "_timestamp": 1687920745.8391666, "_runtime": 50.235127687454224, "_step": 601, "Validation recon loss": 0.0015181511407718062, "_wandb": {"runtime": 49}}