{"Training recon loss": 0.007821363769471646, "_timestamp": 1687917221.1072478, "_runtime": 20.982051849365234, "_step": 248, "Validation recon loss": 0.006880279630422592, "_wandb": {"runtime": 20}}