{"Training recon loss": 0.20931421717007956, "_timestamp": 1687927090.6897213, "_runtime": 84.8101704120636, "_step": 601, "Validation recon loss": 0.19375504553318024, "_wandb": {"runtime": 84}}