{"Training recon loss": 0.007226692641981774, "_timestamp": 1687927380.9390092, "_runtime": 106.76442527770996, "_step": 601, "Validation recon loss": 0.00757483160123229, "_wandb": {"runtime": 106}}